{
	"partitions" : [
		{
			"name" : "Top",
			"pins" : [
				{
					"name" : "out_floor[0]",
					"strict" : false
				},
				{
					"name" : "out_floor[1]",
					"strict" : false
				},
				{
					"name" : "dir",
					"strict" : false
				},
				{
					"name" : "command[0]",
					"strict" : false
				},
				{
					"name" : "command[1]",
					"strict" : false
				},
				{
					"name" : "command[2]",
					"strict" : false
				},
				{
					"name" : "request_call[0]",
					"strict" : false
				},
				{
					"name" : "request_call[1]",
					"strict" : false
				},
				{
					"name" : "clk",
					"strict" : false
				},
				{
					"name" : "rst",
					"strict" : false
				},
				{
					"name" : "busy",
					"strict" : false
				}
			]
		}
	]
}